[{"content_id": "15act0627svVeteranen", "activity": "Select mediaID", "user_id": "chwnpxctrh", "datetime": "2023-03-20 14:13:58.661876"}, {"content_id": "15act0627svVeteranen", "activity": "Like", "user_id": "chwnpxctrh", "datetime": "2023-03-20 14:14:02.903915"}, {"content_id": "POW_00790777", "activity": "Select mediaID", "user_id": "sovhxymdkm", "datetime": "2023-03-20 17:32:23.458424"}, {"content_id": "VPWON_1322073", "activity": "Select mediaID", "user_id": "teqocdjxcd", "datetime": "2023-03-20 17:34:39.180678"}, {"content_id": "WO_POWN_8513746", "activity": "Dislike", "user_id": "omwnrpvyls", "datetime": "2023-03-20 17:35:18.353425"}, {"content_id": "POW_00790777", "activity": "Select mediaID", "user_id": "omwnrpvyls", "datetime": "2023-03-20 17:35:25.119338"}, {"content_id": "BNN_101342415", "activity": "Select mediaID", "user_id": "omwnrpvyls", "datetime": "2023-03-20 17:36:20.086132"}, {"content_id": "WO_POWN_8513746", "activity": "Like", "user_id": "hejlrzhtyn", "datetime": "2023-03-21 12:07:51.896532"}, {"content_id": "WO_POWN_8513746", "activity": "Dislike", "user_id": "hejlrzhtyn", "datetime": "2023-03-21 12:07:53.459824"}, {"content_id": "12act0630svVeteranen", "activity": "Select mediaID", "user_id": "hejlrzhtyn", "datetime": "2023-03-21 12:08:33.181463"}, {"content_id": "VPWON_1322073", "activity": "Select mediaID", "user_id": "ahjlmkvzfl", "datetime": "2023-03-23 11:01:44.056585"}, {"content_id": "12act0630svVeteranen", "activity": "Select mediaID", "user_id": "whvecjnwuj", "datetime": "2023-03-23 11:05:59.391104"}, {"content_id": "POW_00790777", "activity": "Select mediaID", "user_id": "uygiwhabiy", "datetime": "2023-03-23 11:09:27.913669"}, {"content_id": "BV_101401504", "activity": "Select mediaID", "user_id": "inestfknyv", "datetime": "2023-03-23 13:05:03.720898"}, {"content_id": "POW_03430924", "activity": "Select mediaID", "user_id": "inestfknyv", "datetime": "2023-03-23 13:06:23.307329"}]